epoch,train_loss,train_mse,val_loss,val_mse,max_torque_viol,mean_dissip_viol
1,3.581405,3.533022,4.413171,4.337094,0.0000,0.1480
2,3.092205,3.024251,4.116465,4.065185,0.0000,0.0953
3,2.765831,2.691646,3.583900,3.520406,0.0000,0.0711
4,2.526367,2.453473,3.418610,3.285252,0.0000,0.0764
5,2.290973,2.201173,3.197678,3.121095,0.0000,0.0537
6,2.178147,2.096446,3.076668,2.961513,0.0000,0.1095
7,2.142075,2.058426,3.096159,2.945610,0.0000,0.0240
8,2.115719,2.029594,2.780839,2.611002,0.0000,0.0338
9,2.005798,1.922684,2.847268,2.612648,0.0000,0.0503
10,1.968423,1.883738,2.984562,2.943978,0.0000,0.0141
11,1.937178,1.853509,2.681597,2.617259,0.0000,0.0145
12,1.983445,1.905242,2.760440,2.583960,0.0000,0.0177
13,1.853340,1.765244,2.579510,2.504513,6.9576,0.0361
14,1.781705,1.697328,2.584845,2.512414,0.0000,0.0140
15,1.745343,1.654499,2.862188,2.794122,0.0000,0.0180
16,1.838241,1.748654,2.728859,2.683221,0.0000,0.0183
17,1.700981,1.624813,2.132640,2.012385,0.0000,0.0104
18,1.832202,1.720228,2.312033,2.238227,0.0000,0.0132
19,1.712628,1.634985,1.993043,1.906650,0.0000,0.0100
20,1.609753,1.529016,1.917793,1.849594,0.0000,0.0092
21,1.639413,1.557241,2.466144,2.344011,0.0000,0.0141
22,1.707408,1.623508,2.054040,1.990578,0.0000,0.0128
23,1.595527,1.510897,2.488244,2.426265,0.0764,0.0203
24,1.592803,1.514412,1.903378,1.813886,0.0000,0.0083
25,1.618243,1.538591,2.541367,2.499469,0.3388,0.0138
26,1.630009,1.553765,2.034671,1.875795,0.0000,0.0218
27,1.606428,1.524056,2.300414,2.068262,0.0000,0.0085
28,1.561858,1.478875,1.701222,1.594141,0.0000,0.0168
29,1.530860,1.445784,2.284512,2.174768,14.3365,0.0479
30,1.575801,1.499242,1.857972,1.761777,0.9286,0.0117
31,1.466733,1.385017,1.966512,1.879123,3.1690,0.0677
32,1.486028,1.403155,1.771734,1.679275,0.0000,0.0060
33,1.484570,1.400559,2.231478,2.153958,0.0000,0.0068
34,1.521353,1.436662,1.708413,1.599389,0.0000,0.0063
35,1.476716,1.394010,1.826407,1.652350,0.0000,0.0610
36,1.506019,1.419611,1.616558,1.513444,0.3940,0.0120
37,1.467349,1.389120,1.575653,1.448418,0.0000,0.0040
38,1.614777,1.525602,1.604077,1.489808,18.5503,0.0854
39,1.412406,1.331808,2.546643,2.351925,0.0000,0.0078
40,1.609517,1.523540,1.841149,1.747177,0.0000,0.0100
41,1.487404,1.403315,1.640061,1.550220,0.0000,0.0097
42,1.583120,1.507961,1.681714,1.594707,0.0000,0.0018
43,1.480314,1.402322,1.845221,1.766232,0.0000,0.0081
44,1.517060,1.433146,1.856101,1.745443,0.0000,0.0193
45,1.475880,1.397291,1.670385,1.574554,0.0000,0.0049
46,1.515067,1.427848,2.007432,1.872964,0.0000,0.0073
47,1.467882,1.386869,1.660295,1.562740,0.0000,0.0099
48,1.443421,1.363287,1.636366,1.559672,0.0000,0.0053
49,1.582655,1.487596,2.487257,2.373277,7.6964,0.0229
50,1.632609,1.557527,2.401349,2.299316,0.0000,0.0082
51,1.561850,1.480684,1.926037,1.801545,0.0000,0.0050
52,1.481156,1.400618,1.723328,1.633930,0.0000,0.0054
53,1.456002,1.375312,1.642003,1.530199,0.0000,0.0034
54,1.425840,1.337627,1.882086,1.790667,0.0000,0.0064
55,1.492675,1.413308,1.843025,1.742925,0.0000,0.0133
56,1.414315,1.329039,1.620000,1.501055,0.0000,0.0066
57,1.381217,1.297237,1.831254,1.755202,5.6121,0.0058
58,1.395176,1.311226,1.675133,1.578019,0.0000,0.0075
59,1.468315,1.389520,1.812345,1.721346,0.0000,0.0051
60,1.490855,1.412299,1.879491,1.779238,0.9884,0.0085
61,1.429154,1.348634,1.812441,1.664983,0.0000,0.0254
62,1.439767,1.362832,1.673824,1.566168,0.0000,0.0038
63,1.412946,1.330908,1.915399,1.826113,0.0000,0.0036
64,1.416806,1.337272,1.911955,1.741459,0.0000,0.0022
65,1.439131,1.354065,1.829720,1.695638,0.0000,0.0070
66,1.394619,1.315435,3.135147,2.775120,0.0000,0.0047
67,1.594223,1.509401,1.946889,1.846934,0.0000,0.0040
68,1.486780,1.402108,2.215304,2.149875,0.0000,0.0054
69,1.441625,1.362525,1.736662,1.551289,0.0000,0.0049
70,1.380641,1.298704,2.099655,1.831289,0.0000,0.0061
71,1.458967,1.380383,1.723490,1.622887,0.0000,0.0048
72,1.386452,1.306680,1.688314,1.566765,0.0000,0.0020
73,1.377239,1.299444,1.588001,1.490299,0.0000,0.0031
74,1.444237,1.365862,1.630037,1.529834,0.0000,0.0050
75,1.351685,1.266593,1.726869,1.635910,0.0000,0.0033
76,1.391393,1.307109,2.015404,1.903272,0.0000,0.0068
77,1.447931,1.366132,1.635982,1.574856,9.6410,0.0055
78,1.418704,1.339890,1.692704,1.593483,0.0000,0.0019
79,1.423676,1.345204,1.795622,1.678033,0.0000,0.0033
80,1.387167,1.310953,1.623478,1.426510,4.5620,0.0556
81,1.438286,1.356351,2.447698,2.340344,0.0000,0.0076
82,1.556435,1.480192,2.101755,1.957393,8.8616,0.0548
83,1.376079,1.297491,1.891009,1.696871,0.0000,0.0022
84,1.389369,1.308923,1.859266,1.739160,0.0000,0.0024
85,1.363480,1.283520,1.676713,1.584494,0.0000,0.0033
86,1.376773,1.294257,1.781548,1.680308,0.0000,0.0049
87,1.420853,1.343947,1.724731,1.551816,17.0484,0.0195
88,1.473399,1.388927,1.960644,1.808046,0.0000,0.0028
89,1.371337,1.294747,1.567825,1.421030,0.6752,0.0170
90,1.322733,1.242796,2.254450,2.136616,1.6446,0.0214
91,1.388807,1.311702,1.553859,1.407343,0.0000,0.0049
92,1.378605,1.298440,1.606973,1.493116,0.0000,0.0043
93,1.368660,1.285839,1.613799,1.503070,0.0000,0.0042
94,1.367023,1.284308,1.753705,1.632443,0.3713,0.0019
95,1.331578,1.253049,1.745831,1.646543,0.0467,0.0051
96,1.379961,1.301440,1.561411,1.412042,0.0000,0.0047
97,1.346604,1.265949,1.576990,1.418400,0.0000,0.0052
98,1.348484,1.265420,1.644180,1.547436,0.0000,0.0046
99,1.347596,1.269901,1.684124,1.595024,2.4226,0.0060
100,1.356738,1.278907,1.801734,1.736920,0.0000,0.0028
101,1.302618,1.223327,1.576514,1.469029,0.0000,0.0032
102,1.384166,1.299242,1.808540,1.706159,0.0000,0.0023
103,1.363830,1.285909,1.575853,1.465618,0.0000,0.0036
104,1.307265,1.228525,1.537255,1.427956,0.0000,0.0033
105,1.299137,1.219470,1.588664,1.452432,0.0000,0.0053
106,1.334029,1.254776,1.518866,1.415360,8.0278,0.0218
107,1.312621,1.234229,1.750104,1.639705,8.4566,0.0637
108,1.281497,1.198489,1.536047,1.407193,0.8959,0.0082
109,1.413446,1.335678,1.626822,1.544823,0.0000,0.0104
110,1.287972,1.203976,1.647311,1.450706,4.2602,0.0914
111,1.312609,1.234519,1.580016,1.486051,0.0000,0.0032
112,1.350366,1.270554,1.618600,1.494207,0.0000,0.0010
113,1.306310,1.224233,1.833234,1.740492,0.0000,0.0017
114,1.313436,1.235965,1.603450,1.514403,0.0000,0.0038
115,1.285987,1.211439,1.597857,1.478172,0.0000,0.0043
116,1.286716,1.204863,1.517098,1.406869,0.0000,0.0041
117,1.308350,1.228155,1.640530,1.497145,19.7963,0.1058
118,1.296476,1.218208,1.622664,1.441687,0.0000,0.0005
119,1.385950,1.306477,1.528857,1.386386,0.0000,0.0029
120,1.315394,1.235972,1.650017,1.497572,0.0000,0.0304
121,1.288113,1.209353,1.548758,1.405589,7.5536,0.0018
122,1.298087,1.218100,1.507390,1.392197,0.0000,0.0029
123,1.299166,1.215308,1.510665,1.393253,0.0000,0.0031
124,1.315964,1.237176,1.652725,1.547406,0.0000,0.0022
125,1.287315,1.212556,1.559327,1.444020,0.0000,0.0025
126,1.310558,1.228257,1.929124,1.840689,0.0000,0.0018
127,1.322445,1.244880,1.607520,1.510716,0.0000,0.0046
128,1.289154,1.209028,1.581244,1.440087,0.0000,0.0004
129,1.316617,1.236071,1.731014,1.636698,0.0000,0.0062
130,1.298808,1.219201,1.707091,1.555626,0.0000,0.0030
131,1.269850,1.192046,1.740189,1.642794,0.0000,0.0026
132,1.371568,1.289573,1.593466,1.450936,0.0000,0.0044
133,1.270979,1.189896,1.843001,1.663027,0.0000,0.0064
134,1.254653,1.172643,1.575434,1.499347,0.0000,0.0019
135,1.261406,1.185796,1.775173,1.622656,10.5847,0.0309
136,1.298830,1.218617,1.485025,1.392639,0.0000,0.0025
137,1.289425,1.208896,1.520977,1.420822,0.0000,0.0024
138,1.299129,1.220211,1.533494,1.413600,9.5926,0.0350
139,1.283249,1.203206,1.509800,1.408496,0.0000,0.0030
140,1.282944,1.206143,1.606029,1.502315,0.0000,0.0020
141,1.246312,1.168213,1.661646,1.506287,0.0000,0.0025
142,1.287153,1.204648,1.507168,1.394157,0.0000,0.0022
143,1.261491,1.182935,1.655353,1.568147,0.0000,0.0051
144,1.249274,1.169761,1.494490,1.387426,0.0000,0.0015
145,1.264375,1.186172,1.526160,1.439938,0.0000,0.0015
146,1.278645,1.197297,1.732421,1.629636,0.0000,0.0027
147,1.291806,1.217426,1.616893,1.518711,0.0000,0.0027
148,1.314532,1.234069,1.786598,1.629736,0.0000,0.0018
149,1.316695,1.240489,1.576153,1.479291,0.0000,0.0031
150,1.307475,1.233779,1.704382,1.544886,0.0000,0.0029
151,1.307738,1.224487,1.818024,1.672375,0.0000,0.0067
152,1.302069,1.225797,1.758785,1.671786,0.0000,0.0018
153,1.292629,1.213106,1.567434,1.479401,0.0000,0.0006
154,1.287697,1.209138,1.545718,1.466444,0.3001,0.0048
155,1.297614,1.222245,1.541139,1.398214,0.0000,0.0029
156,1.283884,1.203287,1.576194,1.465072,2.5487,0.0652
157,1.278134,1.203688,1.733503,1.575292,17.4038,0.0567
158,1.307141,1.224287,1.629018,1.504018,0.0000,0.0019
159,1.297775,1.219562,1.741526,1.637374,0.0000,0.0032
160,1.256702,1.175728,1.670562,1.574562,1.6396,0.0080
161,1.283185,1.200536,1.528363,1.428773,0.0000,0.0013
162,1.306401,1.227075,1.734385,1.633375,0.0000,0.0161
163,1.272468,1.192034,1.636597,1.525144,0.3552,0.0015
164,1.255392,1.177609,1.547558,1.411830,0.0000,0.0008
165,1.367261,1.285040,1.719925,1.619605,0.0000,0.0014
166,1.264729,1.186603,1.722129,1.609254,0.0049,0.0122
167,1.251329,1.170981,1.532868,1.433586,0.0000,0.0018
168,1.302474,1.224604,1.617561,1.524008,0.0000,0.0010
169,1.237247,1.158492,1.589614,1.459407,0.0000,0.0063
170,1.243383,1.164962,1.568779,1.465984,0.0000,0.0029
171,1.267721,1.188582,1.580272,1.474164,0.0000,0.0027
172,1.277347,1.198373,1.543413,1.424199,0.0000,0.0013
173,1.237719,1.153702,1.587810,1.467098,10.8508,0.0843
174,1.261417,1.186750,1.509055,1.412582,0.0000,0.0036
175,1.219665,1.136601,1.557791,1.442723,0.0000,0.0012
176,1.217138,1.139138,1.611497,1.484729,8.9282,0.0123
177,1.306391,1.225870,1.476711,1.354128,19.4116,0.0551
178,1.258931,1.178297,1.642501,1.549261,20.2672,0.0386
179,1.274623,1.194349,1.554543,1.452309,0.0000,0.0018
180,1.280383,1.202224,1.692972,1.574561,0.0000,0.0025
181,1.309112,1.221961,1.577499,1.475977,0.0000,0.0021
182,1.263861,1.184461,1.543260,1.444367,0.0000,0.0019
183,1.313817,1.237521,1.517899,1.417520,0.0000,0.0028
184,1.257490,1.176021,1.542201,1.433218,0.0000,0.0043
185,1.226736,1.149786,1.490329,1.390921,0.0000,0.0009
186,1.257617,1.177902,1.630703,1.518042,12.6125,0.0490
187,1.311630,1.229071,1.757541,1.601816,0.0000,0.0066
188,1.241106,1.161332,1.556263,1.464060,0.0000,0.0025
189,1.261300,1.178039,1.502746,1.381908,0.0000,0.0027
190,1.269796,1.187634,1.666603,1.573796,0.0000,0.0017
191,1.272983,1.200056,1.527298,1.380523,0.0000,0.0044
192,1.258876,1.179406,1.525622,1.434820,0.0000,0.0025
193,1.274029,1.192699,1.664803,1.576122,0.0000,0.0010
194,1.259924,1.178877,1.603078,1.522894,9.0404,0.0206
195,1.334350,1.256846,1.804378,1.687961,0.0000,0.0015
196,1.308062,1.227845,1.596491,1.459422,0.0226,0.0014
197,1.243212,1.161352,1.509734,1.407467,0.0000,0.0015
198,1.215842,1.137568,1.506942,1.396884,0.0000,0.0020
199,1.255832,1.176258,1.553903,1.430069,0.0000,0.0019
200,1.211038,1.125757,1.584024,1.463479,22.7469,0.0657
